{
    "avg_success": 0.9046052631578947,
    "avg_reward": 23.401315789473685
}